sell_month,net
1,-81338.26
2,-77891.9
3,-7863.280000000001
5,3680.06
6,-75562.92
7,1379.6799999999996
8,17588.23
9,4105.04
10,-1591.04
